customer_id,name,email,phone,lifetime_value,total_payments_count,successful_payments_count,success_rate
cust_01001,Dev Sharma,dev.sharma45@example.com,+919842868828,264138.16,48,44,0.919
cust_01002,Suresh Verma,suresh.verma85@example.com,+919866629388,58677.36,19,14,0.772
cust_01003,Aarav Nair,aarav.nair35@example.com,+919897226012,38698.8,16,8,0.543
cust_01004,Aarav Bhat,aarav.bhat30@example.com,+919866722344,21740.4,26,20,0.786
cust_01005,Yash Verma,yash.verma55@example.com,+919856164955,61401.12,25,16,0.674
cust_01006,Dev Kapoor,dev.kapoor58@example.com,+919820576383,291837.18,44,41,0.941
cust_01007,Vikram Joshi,vikram.joshi34@example.com,+919819335534,141951.78,23,18,0.802
cust_01008,Neha Deshmukh,neha.deshmukh22@example.com,+919861019678,38811.0,28,25,0.896
cust_01009,Vikram Patel,vikram.patel95@example.com,+919845833156,9980.62,4,2,0.632
cust_01010,Kabir Nair,kabir.nair41@example.com,+919831931511,201558.6,45,36,0.812
cust_01011,Neha Chopra,neha.chopra51@example.com,+919817507864,61001.46,25,18,0.757
cust_01012,Ananya Patel,ananya.patel82@example.com,+919852235350,149493.24,46,39,0.865
cust_01013,Rohan Gupta,rohan.gupta41@example.com,+919885345555,209183.96,32,29,0.922
cust_01014,Yash Singh,yash.singh38@example.com,+919828566572,41582.94,8,6,0.771
cust_01015,Isha Chopra,isha.chopra30@example.com,+919866661351,286924.68,43,36,0.838
cust_01016,Rahul Mehta,rahul.mehta80@example.com,+919811540956,48654.08,19,8,0.439
cust_01017,Tanvi Verma,tanvi.verma47@example.com,+919868353204,116753.1,21,15,0.751
cust_01018,Kabir Nair,kabir.nair23@example.com,+919893926371,69601.56,43,38,0.897
cust_01019,Vikram Bhat,vikram.bhat30@example.com,+919882394227,0.0,1,0,0.364
cust_01020,Priya Sharma,priya.sharma24@example.com,+919858718453,15006.46,11,7,0.683
cust_01021,Neha Kapoor,neha.kapoor82@example.com,+919820570592,54813.36,9,7,0.862
cust_01022,Suresh Bhat,suresh.bhat26@example.com,+919827232410,11704.7,7,5,0.722
cust_01023,Rajesh Kumar,rajesh.kumar37@example.com,+919882383095,40503.3,24,15,0.635
cust_01024,Vikram Rao,vikram.rao76@example.com,+919870597444,9239.2,26,20,0.802
cust_01025,Suresh Patel,suresh.patel85@example.com,+919839557077,14439.95,8,7,0.913
cust_01026,Aditi Deshmukh,aditi.deshmukh52@example.com,+919819510312,56538.98,36,29,0.814
cust_01027,Isha Reddy,isha.reddy83@example.com,+919887337818,49452.48,31,28,0.93
cust_01028,Dev Chopra,dev.chopra65@example.com,+919857553014,32909.46,8,6,0.857
cust_01029,Dev Sharma,dev.sharma61@example.com,+919855540424,5293.83,8,3,0.437
cust_01030,Amit Gupta,amit.gupta64@example.com,+919834627347,25984.77,9,7,0.807
cust_01031,Suresh Verma,suresh.verma16@example.com,+919897529405,0.0,2,0,0.334
cust_01032,Neha Gupta,neha.gupta62@example.com,+919875181648,10973.97,8,7,0.949
cust_01033,Aarav Kumar,aarav.kumar43@example.com,+919871070189,194270.76,40,36,0.91
cust_01034,Priya Gupta,priya.gupta34@example.com,+919849823450,22311.73,39,29,0.763
cust_01035,Tanvi Sharma,tanvi.sharma16@example.com,+919888406989,54440.28,38,36,0.961
cust_01036,Rahul Verma,rahul.verma33@example.com,+919819196777,61363.26,20,18,0.905
cust_01037,Kavita Patel,kavita.patel84@example.com,+919889795010,172594.08,47,36,0.769
cust_01038,Rahul Singh,rahul.singh43@example.com,+919837415205,16737.75,10,5,0.507
cust_01039,Siddharth Rao,siddharth.rao50@example.com,+919819736572,286917.84,41,36,0.893
cust_01040,Ananya Nair,ananya.nair37@example.com,+919877898694,56563.04,9,8,0.965
cust_01041,Vikram Mehta,vikram.mehta30@example.com,+919868812137,102383.71,21,13,0.639
cust_01042,Rahul Sharma,rahul.sharma95@example.com,+919884437458,25700.29,13,11,0.903
cust_01043,Dev Reddy,dev.reddy80@example.com,+919830863865,129367.92,50,44,0.889
cust_01044,Rohan Nair,rohan.nair72@example.com,+919843704923,0.0,2,0,0.338
cust_01045,Rohan Sharma,rohan.sharma10@example.com,+919854769200,9265.08,10,6,0.617
cust_01046,Amit Nair,amit.nair64@example.com,+919885283645,268629.25,49,37,0.767
cust_01047,Suresh Sharma,suresh.sharma57@example.com,+919888183110,13367.95,7,5,0.849
cust_01048,Aditi Kapoor,aditi.kapoor55@example.com,+919838195995,50455.2,13,8,0.627
cust_01049,Zoya Joshi,zoya.joshi29@example.com,+919841774346,35434.5,7,5,0.732
cust_01050,Aarav Gupta,aarav.gupta52@example.com,+919865259205,14126.4,9,6,0.694
cust_01051,Dev Kumar,dev.kumar14@example.com,+919873174945,92763.47,34,31,0.938
cust_01052,Neha Patel,neha.patel13@example.com,+919898588154,54215.35,9,7,0.826
cust_01053,Rohan Singh,rohan.singh92@example.com,+919878371272,108294.3,39,38,0.976
cust_01054,Aarav Verma,aarav.verma43@example.com,+919833966966,6808.2,7,6,0.976
cust_01055,Zoya Singh,zoya.singh50@example.com,+919868571795,57809.52,14,8,0.574
cust_01056,Meera Mehta,meera.mehta15@example.com,+919868526649,206785.6,39,37,0.963
cust_01057,Meera Singh,meera.singh65@example.com,+919819391725,8151.45,10,3,0.363
cust_01058,Dev Reddy,dev.reddy48@example.com,+919878064830,141712.5,30,25,0.844
cust_01059,Suresh Gupta,suresh.gupta34@example.com,+919866431351,94270.8,25,13,0.529
cust_01060,Rajesh Joshi,rajesh.joshi48@example.com,+919864502486,32612.97,23,17,0.75
cust_01061,Kavita Joshi,kavita.joshi93@example.com,+919853251559,63540.6,18,15,0.852
cust_01062,Kabir Chopra,kabir.chopra20@example.com,+919848089166,23438.84,26,23,0.896
cust_01063,Neha Chopra,neha.chopra49@example.com,+919840150759,2185.29,3,1,0.45
cust_01064,Priya Joshi,priya.joshi19@example.com,+919871124923,87468.9,17,15,0.895
cust_01065,Yash Rao,yash.rao61@example.com,+919842747037,56644.56,11,9,0.908
cust_01066,Neha Gupta,neha.gupta99@example.com,+919879519112,38147.6,12,10,0.878
cust_01067,Amit Chopra,amit.chopra77@example.com,+919885017682,155540.02,33,31,0.969
cust_01068,Rahul Kumar,rahul.kumar80@example.com,+919869849511,41420.94,17,11,0.653
cust_01069,Neha Deshmukh,neha.deshmukh91@example.com,+919847220099,25706.28,22,12,0.577
cust_01070,Amit Verma,amit.verma46@example.com,+919841473195,29454.4,39,32,0.824
cust_01071,Isha Patel,isha.patel59@example.com,+919830509175,17086.74,15,6,0.422
cust_01072,Amit Kumar,amit.kumar17@example.com,+919837760841,75846.8,20,10,0.532
cust_01073,Aarav Deshmukh,aarav.deshmukh83@example.com,+919861053877,140340.48,24,23,0.967
cust_01074,Zoya Nair,zoya.nair79@example.com,+919890967191,18279.7,10,5,0.566
cust_01075,Aarav Kumar,aarav.kumar53@example.com,+919899774697,20315.67,7,3,0.537
cust_01076,Isha Joshi,isha.joshi78@example.com,+919813619375,0.0,1,0,0.251
cust_01077,Zoya Gupta,zoya.gupta69@example.com,+919834391257,57017.7,18,15,0.837
cust_01078,Tanvi Bhat,tanvi.bhat58@example.com,+919847346970,40372.86,10,6,0.683
cust_01079,Priya Sharma,priya.sharma79@example.com,+919816990811,0.0,2,0,0.169
cust_01080,Aditi Bhat,aditi.bhat13@example.com,+919843189803,21368.0,14,10,0.755
cust_01081,Priya Chopra,priya.chopra24@example.com,+919885694715,6205.12,5,1,0.208
cust_01082,Kabir Joshi,kabir.joshi87@example.com,+919825372341,5661.8,11,5,0.456
cust_01083,Aarav Kapoor,aarav.kapoor49@example.com,+919887282128,75493.2,14,10,0.726
cust_01084,Meera Verma,meera.verma85@example.com,+919894187049,143792.46,24,21,0.91
cust_01085,Rajesh Bhat,rajesh.bhat25@example.com,+919885958181,37755.97,15,7,0.518
cust_01086,Ananya Nair,ananya.nair92@example.com,+919855799273,33379.5,36,30,0.847
cust_01087,Vikram Chopra,vikram.chopra68@example.com,+919830534124,99944.46,46,42,0.919
cust_01088,Suresh Bhat,suresh.bhat71@example.com,+919872394301,55635.0,22,20,0.918
cust_01089,Neha Deshmukh,neha.deshmukh21@example.com,+919847437115,32814.88,16,7,0.483
cust_01090,Yash Singh,yash.singh13@example.com,+919876344695,9096.45,8,3,0.462
cust_01091,Rohan Singh,rohan.singh45@example.com,+919890014570,0.0,2,0,0.494
cust_01092,Meera Verma,meera.verma40@example.com,+919864549859,178466.4,49,45,0.924
cust_01093,Priya Rao,priya.rao12@example.com,+919822489409,42524.64,20,16,0.843
cust_01094,Kavita Singh,kavita.singh70@example.com,+919884285882,93953.97,40,33,0.848
cust_01095,Amit Mehta,amit.mehta49@example.com,+919843742830,26852.54,25,22,0.916
cust_01096,Suresh Bhat,suresh.bhat98@example.com,+919834850391,117586.0,22,20,0.92
cust_01097,Rahul Joshi,rahul.joshi46@example.com,+919823492385,10090.2,13,6,0.501
cust_01098,Aarav Reddy,aarav.reddy78@example.com,+919826989677,96879.1,40,38,0.974
cust_01099,Isha Chopra,isha.chopra72@example.com,+919823769080,39861.0,17,10,0.595
cust_01100,Tanvi Gupta,tanvi.gupta16@example.com,+919843887075,0.0,2,0,0.212
cust_01101,Ananya Joshi,ananya.joshi90@example.com,+919817195288,21029.58,24,22,0.937
cust_01102,Neha Verma,neha.verma81@example.com,+919865857931,37637.04,9,6,0.669
cust_01103,Yash Rao,yash.rao66@example.com,+919849910061,37427.6,11,8,0.737
cust_01104,Aditi Joshi,aditi.joshi22@example.com,+919837888820,1509.34,4,1,0.49
cust_01105,Kabir Nair,kabir.nair19@example.com,+919831009452,141059.88,43,36,0.854
cust_01106,Aditi Patel,aditi.patel46@example.com,+919847945817,25168.32,23,12,0.554
cust_01107,Rohan Bhat,rohan.bhat90@example.com,+919889160218,11837.8,15,10,0.717
cust_01108,Neha Chopra,neha.chopra29@example.com,+919845652586,12806.48,7,2,0.424
cust_01109,Rajesh Reddy,rajesh.reddy82@example.com,+919848736657,113759.0,24,20,0.858
cust_01110,Rohan Nair,rohan.nair79@example.com,+919876276072,166765.48,32,28,0.888
cust_01111,Rajesh Mehta,rajesh.mehta13@example.com,+919822257687,178371.45,41,37,0.905
cust_01112,Aarav Bhat,aarav.bhat96@example.com,+919846173157,54920.04,16,14,0.926
cust_01113,Amit Kapoor,amit.kapoor45@example.com,+919834359060,7761.73,8,1,0.198
cust_01114,Priya Singh,priya.singh62@example.com,+919854735895,31234.39,15,11,0.774
cust_01115,Priya Mehta,priya.mehta94@example.com,+919863747791,8802.54,16,9,0.587
cust_01116,Rohan Singh,rohan.singh24@example.com,+919864247457,5363.98,2,1,0.68
cust_01117,Suresh Rao,suresh.rao62@example.com,+919817275149,148353.85,36,29,0.833
cust_01118,Aditi Patel,aditi.patel44@example.com,+919883715012,157258.92,49,39,0.816
cust_01119,Aarav Chopra,aarav.chopra87@example.com,+919842117961,4552.34,2,1,0.506
cust_01120,Ananya Patel,ananya.patel24@example.com,+919871934487,0.0,3,0,0.27
cust_01121,Siddharth Nair,siddharth.nair44@example.com,+919865766169,22903.56,9,6,0.733
cust_01122,Isha Kumar,isha.kumar34@example.com,+919890447099,19416.88,9,8,0.952
cust_01123,Zoya Singh,zoya.singh74@example.com,+919845859307,33742.8,11,5,0.496
cust_01124,Kavita Chopra,kavita.chopra72@example.com,+919829944139,100094.72,26,22,0.861
cust_01125,Suresh Kumar,suresh.kumar68@example.com,+919853188224,28217.04,9,6,0.733
cust_01126,Neha Deshmukh,neha.deshmukh62@example.com,+919815858241,78547.44,29,24,0.859
cust_01127,Isha Rao,isha.rao14@example.com,+919826944487,63281.43,11,9,0.886
cust_01128,Amit Verma,amit.verma77@example.com,+919871327848,279672.12,46,36,0.783
cust_01129,Ananya Rao,ananya.rao43@example.com,+919855440919,13717.18,4,2,0.535
cust_01130,Suresh Kumar,suresh.kumar50@example.com,+919894127561,6917.04,19,12,0.658
cust_01131,Ananya Patel,ananya.patel90@example.com,+919848571356,15666.4,7,2,0.304
cust_01132,Dev Rao,dev.rao31@example.com,+919850193656,0.0,1,0,0.066
cust_01133,Vikram Kumar,vikram.kumar28@example.com,+919842775624,22524.18,16,14,0.88
cust_01134,Ananya Joshi,ananya.joshi58@example.com,+919893176117,15422.11,20,11,0.569
cust_01135,Amit Chopra,amit.chopra42@example.com,+919871682508,180982.75,34,25,0.752
cust_01136,Suresh Gupta,suresh.gupta19@example.com,+919869287967,5219.83,5,1,0.386
cust_01137,Zoya Reddy,zoya.reddy42@example.com,+919871315464,41224.08,14,6,0.468
cust_01138,Dev Patel,dev.patel58@example.com,+919886762164,102931.2,49,40,0.818
cust_01139,Yash Mehta,yash.mehta11@example.com,+919885957706,7311.75,3,1,0.665
cust_01140,Priya Deshmukh,priya.deshmukh46@example.com,+919840885967,19404.22,22,11,0.52
cust_01141,Rohan Chopra,rohan.chopra94@example.com,+919828358198,9053.25,22,15,0.707
cust_01142,Amit Sharma,amit.sharma84@example.com,+919858970845,11262.96,11,4,0.431
cust_01143,Zoya Gupta,zoya.gupta35@example.com,+919827738187,39488.04,13,9,0.698
cust_01144,Rohan Deshmukh,rohan.deshmukh31@example.com,+919844489940,6048.51,5,1,0.371
cust_01145,Tanvi Bhat,tanvi.bhat24@example.com,+919872858374,0.0,4,0,0.098
cust_01146,Yash Deshmukh,yash.deshmukh81@example.com,+919859093496,75337.37,21,17,0.841
cust_01147,Amit Singh,amit.singh96@example.com,+919845186708,29490.76,28,26,0.939
cust_01148,Neha Rao,neha.rao13@example.com,+919893154172,24054.36,21,12,0.591
cust_01149,Ananya Chopra,ananya.chopra69@example.com,+919850559278,7586.21,3,1,0.44
cust_01150,Siddharth Rao,siddharth.rao24@example.com,+919823044889,94826.5,29,25,0.874
cust_01151,Suresh Kumar,suresh.kumar85@example.com,+919830739712,50405.2,17,10,0.623
cust_01152,Rohan Sharma,rohan.sharma98@example.com,+919859731689,117078.49,20,17,0.852
cust_01153,Dev Chopra,dev.chopra57@example.com,+919883076970,0.0,1,0,0.269
cust_01154,Meera Verma,meera.verma68@example.com,+919822304198,93329.04,21,12,0.618
cust_01155,Aditi Bhat,aditi.bhat52@example.com,+919842691263,828.3,4,1,0.318
cust_01156,Suresh Patel,suresh.patel85@example.com,+919838984499,12745.12,6,2,0.479
cust_01157,Rajesh Sharma,rajesh.sharma45@example.com,+919829419691,0.0,3,0,0.234
cust_01158,Aarav Gupta,aarav.gupta11@example.com,+919858082464,2107.55,12,5,0.481
cust_01159,Rohan Sharma,rohan.sharma26@example.com,+919866500369,120055.04,35,32,0.922
cust_01160,Vikram Nair,vikram.nair85@example.com,+919824636981,22186.85,44,35,0.801
cust_01161,Rahul Mehta,rahul.mehta68@example.com,+919896347724,0.0,8,0,0.071
cust_01162,Zoya Chopra,zoya.chopra23@example.com,+919875802771,5560.52,4,2,0.551
cust_01163,Isha Verma,isha.verma26@example.com,+919846912022,39255.02,24,14,0.599
cust_01164,Rajesh Nair,rajesh.nair47@example.com,+919870896652,48420.59,49,41,0.849
cust_01165,Suresh Reddy,suresh.reddy37@example.com,+919867723010,133422.6,26,20,0.803
cust_01166,Yash Kumar,yash.kumar22@example.com,+919851949529,191066.5,28,25,0.903
cust_01167,Priya Verma,priya.verma21@example.com,+919821457410,137563.02,28,21,0.772
cust_01168,Suresh Sharma,suresh.sharma85@example.com,+919885374852,84635.88,31,28,0.904
cust_01169,Zoya Deshmukh,zoya.deshmukh16@example.com,+919848604965,42070.8,20,10,0.52
cust_01170,Isha Chopra,isha.chopra71@example.com,+919840097636,28171.98,19,9,0.519
cust_01171,Rohan Joshi,rohan.joshi38@example.com,+919867594492,75367.65,21,15,0.731
cust_01172,Suresh Sharma,suresh.sharma87@example.com,+919898292612,7212.54,7,3,0.491
cust_01173,Siddharth Kapoor,siddharth.kapoor53@example.com,+919857113566,203738.9,41,38,0.95
cust_01174,Ananya Gupta,ananya.gupta91@example.com,+919814114726,88317.75,29,25,0.872
cust_01175,Tanvi Gupta,tanvi.gupta57@example.com,+919851827259,63581.96,20,13,0.664
cust_01176,Aditi Gupta,aditi.gupta30@example.com,+919892924837,134923.25,33,25,0.769
cust_01177,Priya Joshi,priya.joshi66@example.com,+919865590800,32536.13,12,11,0.924
cust_01178,Dev Mehta,dev.mehta96@example.com,+919889609131,11987.94,7,6,0.903
cust_01179,Rajesh Sharma,rajesh.sharma10@example.com,+919837437207,61840.4,13,10,0.799
cust_01180,Siddharth Singh,siddharth.singh25@example.com,+919811037490,35503.6,13,11,0.849
cust_01181,Neha Nair,neha.nair81@example.com,+919899663907,6257.3,25,10,0.425
cust_01182,Aarav Rao,aarav.rao19@example.com,+919852018286,230079.96,50,44,0.882
cust_01183,Siddharth Verma,siddharth.verma61@example.com,+919812799319,3842.75,10,1,0.108
cust_01184,Vikram Verma,vikram.verma65@example.com,+919824208709,29884.14,38,33,0.885
cust_01185,Siddharth Reddy,siddharth.reddy53@example.com,+919839738898,150099.07,37,29,0.789
cust_01186,Rahul Nair,rahul.nair34@example.com,+919856892354,289334.32,46,44,0.97
cust_01187,Neha Verma,neha.verma28@example.com,+919844355473,35208.8,46,40,0.889
cust_01188,Priya Rao,priya.rao82@example.com,+919887774890,204790.56,41,39,0.963
cust_01189,Rajesh Singh,rajesh.singh90@example.com,+919852431444,129041.75,33,25,0.766
cust_01190,Rohan Joshi,rohan.joshi17@example.com,+919857236885,15918.66,33,27,0.821
cust_01191,Vikram Deshmukh,vikram.deshmukh46@example.com,+919820298660,10071.12,4,2,0.732
cust_01192,Rahul Kumar,rahul.kumar69@example.com,+919887890494,22577.7,7,6,0.932
cust_01193,Kavita Chopra,kavita.chopra34@example.com,+919853154591,3769.03,3,1,0.57
cust_01194,Tanvi Reddy,tanvi.reddy20@example.com,+919877719420,33036.66,24,9,0.413
cust_01195,Amit Nair,amit.nair76@example.com,+919891846696,62379.09,23,19,0.836
cust_01196,Tanvi Chopra,tanvi.chopra86@example.com,+919817028380,5677.24,4,2,0.62
cust_01197,Suresh Chopra,suresh.chopra59@example.com,+919848137561,280970.0,43,40,0.946
cust_01198,Tanvi Verma,tanvi.verma84@example.com,+919899068509,215775.4,46,38,0.83
cust_01199,Yash Gupta,yash.gupta86@example.com,+919821370793,137791.92,26,21,0.837
cust_01200,Rahul Verma,rahul.verma92@example.com,+919899987086,61600.21,28,23,0.833
cust_01201,Meera Singh,meera.singh72@example.com,+919835770506,18043.2,9,7,0.782
cust_01202,Dev Nair,dev.nair79@example.com,+919880669879,47126.88,44,36,0.827
cust_01203,Yash Gupta,yash.gupta30@example.com,+919834272734,23412.44,7,4,0.662
cust_01204,Aditi Kumar,aditi.kumar56@example.com,+919841880763,4203.64,8,2,0.258
cust_01205,Neha Mehta,neha.mehta70@example.com,+919836040410,119503.14,33,31,0.968
cust_01206,Siddharth Bhat,siddharth.bhat58@example.com,+919877498993,103515.2,17,16,0.972
cust_01207,Isha Deshmukh,isha.deshmukh42@example.com,+919817003454,97422.78,19,13,0.697
cust_01208,Rahul Deshmukh,rahul.deshmukh25@example.com,+919848260510,181771.5,33,25,0.787
cust_01209,Isha Deshmukh,isha.deshmukh65@example.com,+919822309586,7111.65,8,1,0.125
cust_01210,Aarav Kumar,aarav.kumar16@example.com,+919863211150,25494.64,10,8,0.804
cust_01211,Aarav Singh,aarav.singh22@example.com,+919897236246,12544.85,7,5,0.784
cust_01212,Priya Reddy,priya.reddy27@example.com,+919872962895,3124.31,10,7,0.751
cust_01213,Meera Deshmukh,meera.deshmukh29@example.com,+919883659258,1156.14,7,1,0.257
cust_01214,Siddharth Patel,siddharth.patel48@example.com,+919826354208,141331.49,44,37,0.847
cust_01215,Dev Deshmukh,dev.deshmukh73@example.com,+919890092958,77865.12,41,36,0.895
cust_01216,Isha Mehta,isha.mehta64@example.com,+919810209961,12196.24,15,7,0.482
cust_01217,Ananya Nair,ananya.nair56@example.com,+919819083764,9133.94,9,2,0.235
cust_01218,Yash Deshmukh,yash.deshmukh70@example.com,+919815843091,42380.38,10,7,0.734
cust_01219,Vikram Bhat,vikram.bhat18@example.com,+919856278607,56165.04,11,9,0.901
cust_01220,Tanvi Gupta,tanvi.gupta15@example.com,+919857284777,93715.3,16,14,0.937
cust_01221,Amit Reddy,amit.reddy71@example.com,+919894790150,244790.13,50,39,0.781
cust_01222,Amit Sharma,amit.sharma47@example.com,+919837057085,13650.45,7,5,0.796
cust_01223,Siddharth Nair,siddharth.nair60@example.com,+919882884346,60231.0,46,34,0.758
cust_01224,Vikram Deshmukh,vikram.deshmukh16@example.com,+919898010774,76955.13,28,21,0.779
cust_01225,Yash Reddy,yash.reddy66@example.com,+919861894582,156975.34,49,38,0.793
cust_01226,Rahul Mehta,rahul.mehta20@example.com,+919866975380,63002.1,16,14,0.889
cust_01227,Tanvi Verma,tanvi.verma20@example.com,+919854012664,58260.0,21,10,0.504
cust_01228,Kabir Reddy,kabir.reddy66@example.com,+919857183837,120824.64,27,24,0.917
cust_01229,Zoya Mehta,zoya.mehta91@example.com,+919817698469,106269.0,28,25,0.897
cust_01230,Kabir Sharma,kabir.sharma28@example.com,+919891547054,2453.1,6,3,0.549
cust_01231,Vikram Singh,vikram.singh59@example.com,+919886134287,190148.5,33,25,0.785
cust_01232,Vikram Rao,vikram.rao19@example.com,+919887030477,106032.4,25,20,0.834
cust_01233,Neha Verma,neha.verma13@example.com,+919834970946,39823.08,40,33,0.839
cust_01234,Rohan Reddy,rohan.reddy67@example.com,+919838799154,1841.37,8,1,0.147
cust_01235,Isha Deshmukh,isha.deshmukh19@example.com,+919870672142,58868.55,10,9,0.914
cust_01236,Tanvi Chopra,tanvi.chopra54@example.com,+919818715975,130254.31,24,19,0.817
cust_01237,Kabir Bhat,kabir.bhat56@example.com,+919878284040,25474.44,13,12,0.977
cust_01238,Priya Sharma,priya.sharma56@example.com,+919884359498,44174.16,40,34,0.858
cust_01239,Ananya Verma,ananya.verma49@example.com,+919863440127,6926.24,9,2,0.294
cust_01240,Zoya Deshmukh,zoya.deshmukh83@example.com,+919819898653,26353.6,9,7,0.823
cust_01241,Rahul Singh,rahul.singh26@example.com,+919883994695,7262.32,6,2,0.462
cust_01242,Aditi Deshmukh,aditi.deshmukh25@example.com,+919879538491,142452.12,25,19,0.788
cust_01243,Neha Singh,neha.singh76@example.com,+919848124318,76639.1,22,10,0.485
cust_01244,Rohan Gupta,rohan.gupta90@example.com,+919850644430,14386.5,22,9,0.432
cust_01245,Kavita Gupta,kavita.gupta31@example.com,+919898413629,54299.84,12,8,0.707
cust_01246,Kavita Sharma,kavita.sharma13@example.com,+919820901547,84162.6,41,36,0.898
cust_01247,Meera Bhat,meera.bhat83@example.com,+919865913331,40508.55,22,9,0.41
cust_01248,Siddharth Rao,siddharth.rao41@example.com,+919864504816,9103.32,8,6,0.767
cust_01249,Zoya Rao,zoya.rao69@example.com,+919837383505,107590.86,50,39,0.783
cust_01250,Vikram Kumar,vikram.kumar26@example.com,+919859733063,58377.6,20,15,0.774
cust_01251,Rohan Rao,rohan.rao41@example.com,+919828908276,159943.38,29,23,0.817
cust_01252,Zoya Patel,zoya.patel30@example.com,+919853947691,6176.03,4,1,0.295
cust_01253,Priya Nair,priya.nair69@example.com,+919876942394,15156.58,4,2,0.569
cust_01254,Rahul Rao,rahul.rao40@example.com,+919838876195,69881.73,23,17,0.761
cust_01255,Priya Mehta,priya.mehta78@example.com,+919811097552,29509.05,10,5,0.547
cust_01256,Yash Singh,yash.singh15@example.com,+919863765155,109435.68,28,24,0.879
cust_01257,Ananya Kumar,ananya.kumar74@example.com,+919870445541,55390.7,21,10,0.495
cust_01258,Dev Gupta,dev.gupta22@example.com,+919862868861,293666.1,40,39,0.977
cust_01259,Isha Patel,isha.patel87@example.com,+919878333267,6775.9,7,5,0.759
cust_01260,Tanvi Bhat,tanvi.bhat70@example.com,+919879703656,44041.92,37,32,0.889
cust_01261,Rajesh Singh,rajesh.singh30@example.com,+919862741471,4871.68,5,1,0.301
cust_01262,Rahul Deshmukh,rahul.deshmukh75@example.com,+919881449442,197438.1,35,30,0.879
cust_01263,Vikram Singh,vikram.singh96@example.com,+919824710878,0.0,1,0,0.248
cust_01264,Rohan Chopra,rohan.chopra84@example.com,+919887528776,41936.44,35,26,0.762
cust_01265,Rajesh Bhat,rajesh.bhat58@example.com,+919829834119,68410.62,20,9,0.482
cust_01266,Dev Patel,dev.patel12@example.com,+919869195194,71058.86,49,38,0.785
cust_01267,Rahul Bhat,rahul.bhat88@example.com,+919873297813,5734.47,3,1,0.65
cust_01268,Rahul Patel,rahul.patel81@example.com,+919853627409,2715.9,7,1,0.213
cust_01269,Kabir Rao,kabir.rao78@example.com,+919855946354,225899.64,48,43,0.905
cust_01270,Rohan Joshi,rohan.joshi71@example.com,+919835805259,0.0,5,0,0.145
cust_01271,Siddharth Bhat,siddharth.bhat46@example.com,+919837820354,26872.02,17,9,0.566
cust_01272,Rohan Mehta,rohan.mehta25@example.com,+919886970753,46210.57,14,7,0.529
cust_01273,Isha Mehta,isha.mehta15@example.com,+919848605090,0.0,8,0,0.077
cust_01274,Priya Patel,priya.patel35@example.com,+919882286705,25783.0,22,19,0.879
cust_01275,Rajesh Reddy,rajesh.reddy85@example.com,+919842115895,69280.78,38,34,0.904
cust_01276,Neha Sharma,neha.sharma22@example.com,+919865472370,255630.9,48,41,0.859
cust_01277,Aarav Nair,aarav.nair30@example.com,+919864614193,43739.85,17,11,0.699
cust_01278,Meera Bhat,meera.bhat46@example.com,+919853106399,37258.9,10,7,0.764
cust_01279,Neha Nair,neha.nair14@example.com,+919833496796,47869.32,7,6,0.943
cust_01280,Yash Bhat,yash.bhat73@example.com,+919835006323,7050.92,5,1,0.377
cust_01281,Aarav Mehta,aarav.mehta82@example.com,+919890904160,83566.78,23,22,0.976
cust_01282,Suresh Nair,suresh.nair73@example.com,+919828012011,26111.48,8,4,0.559
cust_01283,Tanvi Gupta,tanvi.gupta68@example.com,+919897011385,127778.2,26,20,0.793
cust_01284,Kavita Chopra,kavita.chopra34@example.com,+919833554528,53342.56,14,8,0.617
cust_01285,Rahul Singh,rahul.singh21@example.com,+919863798927,7952.8,6,2,0.463
cust_01286,Neha Sharma,neha.sharma43@example.com,+919861482483,60374.54,26,23,0.923
cust_01287,Kavita Sharma,kavita.sharma43@example.com,+919897735896,44782.21,47,37,0.804
cust_01288,Siddharth Gupta,siddharth.gupta61@example.com,+919877447155,5615.24,5,1,0.352
cust_01289,Siddharth Singh,siddharth.singh88@example.com,+919839641883,38033.4,14,10,0.781
cust_01290,Rajesh Singh,rajesh.singh63@example.com,+919883717007,6166.32,4,1,0.307
cust_01291,Rajesh Deshmukh,rajesh.deshmukh20@example.com,+919880532309,58902.24,9,8,0.912
cust_01292,Dev Sharma,dev.sharma80@example.com,+919877845324,36744.63,15,13,0.873
cust_01293,Rahul Rao,rahul.rao24@example.com,+919837568520,37302.2,18,10,0.566
cust_01294,Aditi Rao,aditi.rao26@example.com,+919878886959,135110.85,40,35,0.88
cust_01295,Siddharth Reddy,siddharth.reddy12@example.com,+919863143336,61789.0,18,13,0.751
cust_01296,Aditi Kumar,aditi.kumar54@example.com,+919818557710,47359.56,9,6,0.764
cust_01297,Priya Sharma,priya.sharma46@example.com,+919864877191,274160.95,46,35,0.781
cust_01298,Zoya Singh,zoya.singh58@example.com,+919870201634,8261.28,14,9,0.708
cust_01299,Suresh Gupta,suresh.gupta93@example.com,+919856676884,126790.61,30,29,0.978
cust_01300,Neha Deshmukh,neha.deshmukh10@example.com,+919813051483,3565.79,9,1,0.207
cust_01301,Yash Deshmukh,yash.deshmukh39@example.com,+919843220503,97734.78,17,13,0.786
cust_01302,Dev Sharma,dev.sharma94@example.com,+919866269520,2153.13,2,1,0.718
cust_01303,Ananya Verma,ananya.verma86@example.com,+919814506531,15291.15,8,7,0.905
cust_01304,Aditi Kumar,aditi.kumar66@example.com,+919841452485,9653.28,8,7,0.924
cust_01305,Siddharth Patel,siddharth.patel83@example.com,+919852802529,48855.68,25,23,0.928
cust_01306,Isha Chopra,isha.chopra76@example.com,+919839667854,243315.52,40,32,0.813
cust_01307,Kabir Chopra,kabir.chopra96@example.com,+919867337891,151004.4,27,20,0.761
cust_01308,Yash Bhat,yash.bhat77@example.com,+919852779814,15993.7,11,5,0.539
cust_01309,Suresh Rao,suresh.rao40@example.com,+919840245233,227648.81,34,31,0.913
cust_01310,Suresh Kumar,suresh.kumar63@example.com,+919884797762,31716.73,21,17,0.839
cust_01311,Ananya Kapoor,ananya.kapoor67@example.com,+919859805178,10452.45,17,15,0.917
cust_01312,Yash Chopra,yash.chopra87@example.com,+919890922827,188068.8,42,32,0.767
cust_01313,Suresh Patel,suresh.patel71@example.com,+919838036618,1930.92,2,1,0.513
cust_01314,Meera Reddy,meera.reddy25@example.com,+919874279671,3354.07,4,1,0.287
cust_01315,Neha Nair,neha.nair51@example.com,+919847991562,61521.55,27,23,0.873
cust_01316,Vikram Nair,vikram.nair73@example.com,+919872546007,209594.36,35,34,0.976
cust_01317,Tanvi Kapoor,tanvi.kapoor36@example.com,+919859755172,84106.96,19,14,0.761
cust_01318,Aarav Mehta,aarav.mehta80@example.com,+919888387434,19917.48,14,11,0.846
cust_01319,Neha Kumar,neha.kumar82@example.com,+919842981324,124667.32,48,43,0.901
cust_01320,Priya Reddy,priya.reddy92@example.com,+919875846624,38480.4,27,24,0.919
cust_01321,Suresh Rao,suresh.rao33@example.com,+919882764376,1681.32,9,3,0.375
cust_01322,Ananya Deshmukh,ananya.deshmukh95@example.com,+919816511491,22902.44,22,11,0.54
cust_01323,Isha Sharma,isha.sharma37@example.com,+919877878323,184756.34,45,34,0.764
cust_01324,Rajesh Kapoor,rajesh.kapoor71@example.com,+919898487646,104019.3,40,30,0.752
cust_01325,Aarav Nair,aarav.nair45@example.com,+919881905550,0.0,7,0,0.056
cust_01326,Kabir Verma,kabir.verma22@example.com,+919880381817,67308.6,38,30,0.794
cust_01327,Vikram Mehta,vikram.mehta60@example.com,+919820605783,73871.8,41,34,0.843
cust_01328,Neha Mehta,neha.mehta97@example.com,+919820820219,2039.9,3,2,0.692
cust_01329,Yash Kumar,yash.kumar80@example.com,+919873888323,10303.48,15,11,0.752
cust_01330,Zoya Chopra,zoya.chopra52@example.com,+919885947990,22132.41,9,3,0.381
cust_01331,Neha Patel,neha.patel98@example.com,+919886072480,33420.6,9,6,0.761
cust_01332,Rohan Kapoor,rohan.kapoor79@example.com,+919885633013,2102.85,12,5,0.461
cust_01333,Meera Joshi,meera.joshi28@example.com,+919863458386,2151.64,10,1,0.152
cust_01334,Yash Chopra,yash.chopra79@example.com,+919854524025,264422.7,49,45,0.92
cust_01335,Rahul Reddy,rahul.reddy54@example.com,+919817207013,20457.92,9,7,0.803
cust_01336,Rajesh Joshi,rajesh.joshi60@example.com,+919853805532,106018.9,33,26,0.813
cust_01337,Vikram Nair,vikram.nair58@example.com,+919867961650,23996.0,29,25,0.885
cust_01338,Rajesh Mehta,rajesh.mehta41@example.com,+919819865900,247102.44,50,39,0.785
cust_01339,Isha Reddy,isha.reddy59@example.com,+919852503832,67040.46,24,18,0.771
cust_01340,Rohan Verma,rohan.verma26@example.com,+919821716836,144356.86,40,34,0.853
cust_01341,Dev Sharma,dev.sharma21@example.com,+919857501571,152913.86,25,22,0.887
cust_01342,Aarav Mehta,aarav.mehta62@example.com,+919862049575,87241.2,19,12,0.646
cust_01343,Neha Joshi,neha.joshi76@example.com,+919832761034,10474.84,10,4,0.458
cust_01344,Priya Gupta,priya.gupta18@example.com,+919832442197,183469.37,35,29,0.847
cust_01345,Vikram Mehta,vikram.mehta41@example.com,+919893890601,33710.7,34,30,0.892
cust_01346,Siddharth Sharma,siddharth.sharma60@example.com,+919854589439,22138.32,12,6,0.529
cust_01347,Zoya Deshmukh,zoya.deshmukh93@example.com,+919889778067,73862.4,49,40,0.824
cust_01348,Tanvi Gupta,tanvi.gupta60@example.com,+919852833932,248056.96,36,32,0.91
cust_01349,Neha Singh,neha.singh58@example.com,+919847621248,14953.84,5,2,0.534
cust_01350,Meera Joshi,meera.joshi79@example.com,+919834149421,53962.86,25,14,0.587
cust_01351,Meera Rao,meera.rao47@example.com,+919819282319,54819.3,15,10,0.671
cust_01352,Isha Chopra,isha.chopra48@example.com,+919842483531,159397.25,32,25,0.785
cust_01353,Ananya Rao,ananya.rao86@example.com,+919874321792,147878.64,49,42,0.873
cust_01354,Aditi Bhat,aditi.bhat56@example.com,+919882062301,62209.5,11,10,0.96
cust_01355,Vikram Gupta,vikram.gupta92@example.com,+919892232236,242876.78,48,46,0.976
cust_01356,Tanvi Bhat,tanvi.bhat65@example.com,+919824219637,175472.33,37,29,0.81
cust_01357,Suresh Joshi,suresh.joshi98@example.com,+919887206788,174917.12,34,28,0.836
cust_01358,Kavita Reddy,kavita.reddy74@example.com,+919830232642,20598.64,11,8,0.756
cust_01359,Ananya Verma,ananya.verma28@example.com,+919856751880,64688.7,18,15,0.855
cust_01360,Vikram Rao,vikram.rao22@example.com,+919868809636,5224.06,4,2,0.554
cust_01361,Dev Sharma,dev.sharma53@example.com,+919896969050,76916.7,20,18,0.934
cust_01362,Suresh Gupta,suresh.gupta52@example.com,+919885141654,128728.75,30,25,0.856
cust_01363,Kabir Chopra,kabir.chopra94@example.com,+919868000104,56425.95,17,15,0.92
cust_01364,Zoya Kumar,zoya.kumar10@example.com,+919838829445,37964.64,9,8,0.923
cust_01365,Suresh Gupta,suresh.gupta56@example.com,+919853752954,249922.8,47,36,0.776
cust_01366,Rahul Chopra,rahul.chopra50@example.com,+919890124068,29790.2,12,10,0.84
cust_01367,Amit Joshi,amit.joshi32@example.com,+919849922369,0.0,3,0,0.251
cust_01368,Neha Mehta,neha.mehta24@example.com,+919834567819,77449.68,29,22,0.783
cust_01369,Isha Joshi,isha.joshi59@example.com,+919866779304,317234.22,49,43,0.896
cust_01370,Kabir Nair,kabir.nair31@example.com,+919875718640,131805.96,33,26,0.793
cust_01371,Vikram Sharma,vikram.sharma72@example.com,+919828325379,138331.71,40,33,0.838
cust_01372,Priya Kumar,priya.kumar97@example.com,+919875998330,52399.05,36,33,0.943
cust_01373,Kavita Sharma,kavita.sharma38@example.com,+919849203644,28713.78,23,18,0.802
cust_01374,Amit Joshi,amit.joshi73@example.com,+919883782999,119099.03,22,19,0.882
cust_01375,Vikram Nair,vikram.nair15@example.com,+919869239219,59671.1,11,10,0.978
cust_01376,Neha Mehta,neha.mehta14@example.com,+919870362053,33127.56,10,9,0.948
cust_01377,Dev Bhat,dev.bhat40@example.com,+919838169370,48510.49,13,7,0.6
cust_01378,Rajesh Chopra,rajesh.chopra64@example.com,+919832277675,32509.45,8,5,0.667
cust_01379,Kavita Singh,kavita.singh78@example.com,+919847726592,99578.31,50,39,0.789
cust_01380,Kavita Mehta,kavita.mehta75@example.com,+919822780905,206486.56,31,28,0.923
cust_01381,Rohan Deshmukh,rohan.deshmukh93@example.com,+919827030641,11555.48,6,2,0.445
cust_01382,Neha Bhat,neha.bhat96@example.com,+919862707402,97549.04,22,19,0.883
cust_01383,Yash Rao,yash.rao19@example.com,+919895044078,38431.98,14,9,0.661
cust_01384,Rohan Reddy,rohan.reddy57@example.com,+919871028216,0.0,1,0,0.161
cust_01385,Ananya Reddy,ananya.reddy68@example.com,+919895206855,12853.44,4,2,0.522
cust_01386,Yash Patel,yash.patel64@example.com,+919838434222,52212.78,23,18,0.824
cust_01387,Kavita Gupta,kavita.gupta82@example.com,+919875140950,1307.52,3,2,0.704
cust_01388,Amit Sharma,amit.sharma25@example.com,+919831204188,44588.4,32,24,0.75
cust_01389,Isha Kapoor,isha.kapoor93@example.com,+919850515702,21393.12,22,21,0.965
cust_01390,Vikram Mehta,vikram.mehta20@example.com,+919859908025,3351.83,3,1,0.621
cust_01391,Siddharth Reddy,siddharth.reddy99@example.com,+919841426254,2466.88,11,8,0.771
cust_01392,Priya Verma,priya.verma26@example.com,+919889682313,1448.32,5,4,0.906
cust_01393,Tanvi Deshmukh,tanvi.deshmukh25@example.com,+919866682016,16248.2,9,5,0.562
cust_01394,Dev Verma,dev.verma50@example.com,+919859333294,10480.28,6,2,0.447
cust_01395,Isha Verma,isha.verma77@example.com,+919885603667,87120.35,33,29,0.9
cust_01396,Meera Chopra,meera.chopra29@example.com,+919865258766,3870.0,8,4,0.55
cust_01397,Dev Gupta,dev.gupta25@example.com,+919889131271,19051.76,15,7,0.52
cust_01398,Isha Patel,isha.patel45@example.com,+919896519508,216563.96,43,37,0.877
cust_01399,Siddharth Bhat,siddharth.bhat98@example.com,+919813600310,11291.58,11,6,0.624
cust_01400,Rajesh Nair,rajesh.nair34@example.com,+919862579931,61659.6,20,15,0.763
cust_01401,Dev Patel,dev.patel73@example.com,+919895641960,31596.0,5,4,0.872
cust_01402,Tanvi Gupta,tanvi.gupta59@example.com,+919886286724,86421.86,16,14,0.876
cust_01403,Ananya Sharma,ananya.sharma85@example.com,+919819064068,45629.04,8,6,0.8
cust_01404,Yash Nair,yash.nair46@example.com,+919894365330,51335.46,15,9,0.661
cust_01405,Ananya Chopra,ananya.chopra78@example.com,+919882162880,4542.35,11,5,0.494
cust_01406,Meera Bhat,meera.bhat29@example.com,+919881993070,221765.2,46,40,0.885
cust_01407,Ananya Mehta,ananya.mehta99@example.com,+919868718382,4364.98,3,2,0.688
cust_01408,Zoya Verma,zoya.verma68@example.com,+919892181084,64404.0,25,12,0.505
cust_01409,Kabir Verma,kabir.verma11@example.com,+919828416255,21635.7,13,5,0.456
cust_01410,Rohan Gupta,rohan.gupta57@example.com,+919827036337,121131.63,25,17,0.697
cust_01411,Aarav Singh,aarav.singh64@example.com,+919846504617,169356.0,41,33,0.81
cust_01412,Priya Rao,priya.rao75@example.com,+919858335011,43836.8,15,14,0.948
cust_01413,Rohan Bhat,rohan.bhat23@example.com,+919887029205,42179.5,25,10,0.439
cust_01414,Aditi Deshmukh,aditi.deshmukh11@example.com,+919842823140,18458.0,14,11,0.834
cust_01415,Aditi Nair,aditi.nair93@example.com,+919866286795,47773.8,25,20,0.807
cust_01416,Ananya Joshi,ananya.joshi57@example.com,+919826025721,30277.8,16,15,0.957
cust_01417,Rahul Sharma,rahul.sharma61@example.com,+919819251149,19741.54,11,7,0.694
cust_01418,Suresh Rao,suresh.rao11@example.com,+919859515518,125889.54,24,21,0.88
cust_01419,Neha Rao,neha.rao57@example.com,+919889415412,5939.97,4,1,0.389
cust_01420,Suresh Bhat,suresh.bhat41@example.com,+919830208677,71518.4,19,16,0.844
cust_01421,Aarav Singh,aarav.singh10@example.com,+919898221829,24209.02,24,22,0.92
cust_01422,Rahul Patel,rahul.patel63@example.com,+919876038997,5779.72,3,1,0.381
cust_01423,Ananya Sharma,ananya.sharma39@example.com,+919879760901,249730.24,34,32,0.956
cust_01424,Ananya Joshi,ananya.joshi22@example.com,+919877837366,38860.8,9,8,0.939
cust_01425,Aditi Kumar,aditi.kumar94@example.com,+919827543369,148610.4,25,20,0.81
cust_01426,Yash Reddy,yash.reddy51@example.com,+919852688984,17524.78,17,13,0.804
cust_01427,Kavita Verma,kavita.verma29@example.com,+919824181143,31971.42,31,26,0.857
cust_01428,Vikram Bhat,vikram.bhat36@example.com,+919870655283,8966.16,12,9,0.811
cust_01429,Siddharth Deshmukh,siddharth.deshmukh99@example.com,+919890973889,33168.07,25,23,0.942
cust_01430,Neha Singh,neha.singh60@example.com,+919878915391,7011.29,16,13,0.819
cust_01431,Yash Deshmukh,yash.deshmukh67@example.com,+919884618850,7592.83,16,7,0.485
cust_01432,Isha Verma,isha.verma11@example.com,+919818277097,7302.48,6,4,0.734
cust_01433,Yash Singh,yash.singh97@example.com,+919894597104,0.0,10,0,0.079
cust_01434,Ananya Sharma,ananya.sharma18@example.com,+919836541600,0.0,3,0,0.201
cust_01435,Tanvi Verma,tanvi.verma15@example.com,+919871873691,198809.4,32,30,0.963
cust_01436,Yash Rao,yash.rao13@example.com,+919861369075,21881.82,8,3,0.459
cust_01437,Rohan Mehta,rohan.mehta67@example.com,+919829948970,89828.68,20,17,0.892
cust_01438,Priya Kumar,priya.kumar80@example.com,+919874294443,35281.1,13,10,0.814
cust_01439,Rahul Patel,rahul.patel90@example.com,+919882968364,52107.72,24,17,0.736
cust_01440,Suresh Bhat,suresh.bhat72@example.com,+919856175477,2382.35,7,1,0.221
cust_01441,Aarav Singh,aarav.singh86@example.com,+919839396392,15023.0,22,20,0.936
cust_01442,Priya Nair,priya.nair55@example.com,+919888381665,0.0,2,0,0.381
cust_01443,Neha Mehta,neha.mehta78@example.com,+919817503932,95453.26,20,14,0.722
cust_01444,Yash Singh,yash.singh32@example.com,+919833635791,122505.2,49,40,0.823
cust_01445,Kavita Sharma,kavita.sharma99@example.com,+919857201978,15204.88,10,2,0.242
cust_01446,Priya Nair,priya.nair49@example.com,+919833562830,69059.2,19,14,0.771
cust_01447,Aarav Nair,aarav.nair71@example.com,+919810091737,32162.24,13,11,0.891
cust_01448,Kabir Kapoor,kabir.kapoor51@example.com,+919817993466,75151.44,14,12,0.885
cust_01449,Rahul Deshmukh,rahul.deshmukh56@example.com,+919819735027,139557.57,30,29,0.967
cust_01450,Tanvi Mehta,tanvi.mehta51@example.com,+919828314232,12794.38,7,2,0.299
cust_01451,Priya Chopra,priya.chopra50@example.com,+919833381086,76318.08,21,12,0.591
cust_01452,Neha Chopra,neha.chopra85@example.com,+919833535297,26892.18,23,21,0.919
cust_01453,Aarav Reddy,aarav.reddy83@example.com,+919862559853,7141.55,20,13,0.662
cust_01454,Rajesh Singh,rajesh.singh88@example.com,+919839648058,9680.65,17,7,0.435
cust_01455,Ananya Patel,ananya.patel54@example.com,+919852885071,59641.2,10,9,0.954
cust_01456,Tanvi Rao,tanvi.rao11@example.com,+919845596211,54630.48,27,24,0.909
cust_01457,Dev Reddy,dev.reddy10@example.com,+919816462242,92443.65,15,13,0.918
cust_01458,Priya Kapoor,priya.kapoor58@example.com,+919857141449,172076.94,35,27,0.773
cust_01459,Kavita Chopra,kavita.chopra97@example.com,+919840277201,12854.0,7,5,0.767
cust_01460,Tanvi Mehta,tanvi.mehta23@example.com,+919819959009,83108.06,15,14,0.954
cust_01461,Suresh Kapoor,suresh.kapoor21@example.com,+919855358959,177465.39,35,31,0.891
cust_01462,Zoya Chopra,zoya.chopra31@example.com,+919891512791,5698.86,5,2,0.453
cust_01463,Meera Kumar,meera.kumar99@example.com,+919884371711,32319.6,10,6,0.648
cust_01464,Siddharth Patel,siddharth.patel22@example.com,+919816661956,45961.84,36,31,0.876
cust_01465,Vikram Sharma,vikram.sharma64@example.com,+919821761279,151944.14,43,38,0.902
cust_01466,Dev Sharma,dev.sharma36@example.com,+919832928708,81564.24,17,12,0.732
cust_01467,Siddharth Bhat,siddharth.bhat60@example.com,+919873209094,47181.33,10,9,0.902
cust_01468,Yash Gupta,yash.gupta57@example.com,+919861196706,62662.0,21,17,0.853
cust_01469,Rohan Patel,rohan.patel44@example.com,+919885731895,44918.23,47,43,0.923
cust_01470,Vikram Bhat,vikram.bhat79@example.com,+919865564347,1539.14,9,2,0.251
cust_01471,Yash Deshmukh,yash.deshmukh76@example.com,+919866187845,9419.8,8,2,0.284
cust_01472,Neha Rao,neha.rao48@example.com,+919820597167,24997.08,7,6,0.946
cust_01473,Rahul Bhat,rahul.bhat83@example.com,+919893251648,50566.27,33,31,0.968
cust_01474,Kabir Patel,kabir.patel34@example.com,+919826936398,131491.08,48,36,0.768
cust_01475,Isha Deshmukh,isha.deshmukh86@example.com,+919844612921,7760.88,9,8,0.917
cust_01476,Suresh Kumar,suresh.kumar80@example.com,+919853771998,6356.44,2,1,0.577
cust_01477,Rajesh Joshi,rajesh.joshi76@example.com,+919866316931,154466.88,41,32,0.784
cust_01478,Dev Kapoor,dev.kapoor23@example.com,+919885522135,84924.6,19,12,0.667
cust_01479,Zoya Mehta,zoya.mehta59@example.com,+919897884113,9755.64,7,6,0.89
cust_01480,Yash Gupta,yash.gupta89@example.com,+919891692326,50048.04,14,7,0.537
cust_01481,Tanvi Reddy,tanvi.reddy40@example.com,+919816615722,4102.11,13,9,0.713
cust_01482,Siddharth Mehta,siddharth.mehta45@example.com,+919875984013,6673.85,9,5,0.633
cust_01483,Amit Bhat,amit.bhat51@example.com,+919846160937,3494.2,4,2,0.606
cust_01484,Meera Kapoor,meera.kapoor62@example.com,+919875023164,8535.16,3,2,0.695
cust_01485,Kabir Verma,kabir.verma49@example.com,+919878020910,247480.1,38,35,0.93
cust_01486,Aarav Gupta,aarav.gupta34@example.com,+919836941091,4825.17,16,7,0.485
cust_01487,Vikram Reddy,vikram.reddy35@example.com,+919846772637,129816.5,30,25,0.857
cust_01488,Dev Chopra,dev.chopra13@example.com,+919842472381,107744.14,16,14,0.887
cust_01489,Priya Joshi,priya.joshi80@example.com,+919856943979,115273.0,21,19,0.943
cust_01490,Ananya Mehta,ananya.mehta13@example.com,+919861883966,117295.92,18,17,0.946
cust_01491,Neha Chopra,neha.chopra36@example.com,+919846115786,4790.63,23,13,0.575
cust_01492,Isha Chopra,isha.chopra32@example.com,+919890683906,58492.44,21,9,0.476
cust_01493,Siddharth Reddy,siddharth.reddy92@example.com,+919846960684,84354.16,27,22,0.837
cust_01494,Meera Rao,meera.rao48@example.com,+919879878835,713.16,5,2,0.535
cust_01495,Vikram Nair,vikram.nair92@example.com,+919889694801,8018.78,5,2,0.501
cust_01496,Tanvi Mehta,tanvi.mehta91@example.com,+919853639158,83950.35,24,11,0.489
cust_01497,Siddharth Patel,siddharth.patel29@example.com,+919879429969,47761.84,21,14,0.706
cust_01498,Tanvi Chopra,tanvi.chopra27@example.com,+919813416548,50982.54,10,7,0.739
cust_01499,Yash Kumar,yash.kumar14@example.com,+919888252116,11769.56,8,4,0.594
cust_01500,Neha Chopra,neha.chopra78@example.com,+919895672999,48966.88,23,16,0.708
cust_01501,Siddharth Deshmukh,siddharth.deshmukh31@example.com,+919898263548,7850.02,5,2,0.462
cust_01502,Rohan Reddy,rohan.reddy81@example.com,+919834571018,0.0,2,0,0.356
cust_01503,Neha Reddy,neha.reddy49@example.com,+919866434872,24044.45,10,5,0.513
cust_01504,Amit Deshmukh,amit.deshmukh25@example.com,+919873154349,280131.44,42,37,0.896
cust_01505,Ananya Rao,ananya.rao34@example.com,+919877172936,88309.56,38,34,0.907
cust_01506,Aditi Deshmukh,aditi.deshmukh29@example.com,+919828436852,7174.91,10,1,0.167
cust_01507,Amit Gupta,amit.gupta50@example.com,+919834207075,94765.56,22,12,0.566
cust_01508,Tanvi Chopra,tanvi.chopra17@example.com,+919810632635,52110.85,15,11,0.798
cust_01509,Kabir Rao,kabir.rao21@example.com,+919827368573,28828.0,14,8,0.615
cust_01510,Priya Kumar,priya.kumar10@example.com,+919815063406,28673.8,5,4,0.918
cust_01511,Rahul Patel,rahul.patel12@example.com,+919810553491,77580.69,24,11,0.485
cust_01512,Siddharth Gupta,siddharth.gupta23@example.com,+919861479273,46505.2,9,7,0.82
cust_01513,Siddharth Mehta,siddharth.mehta68@example.com,+919879831928,310640.46,48,39,0.828
cust_01514,Tanvi Kapoor,tanvi.kapoor72@example.com,+919858217837,2683.56,14,6,0.456
cust_01515,Neha Reddy,neha.reddy26@example.com,+919838345472,4993.4,7,4,0.6
cust_01516,Aditi Kumar,aditi.kumar91@example.com,+919844331441,95508.48,21,12,0.612
cust_01517,Dev Chopra,dev.chopra12@example.com,+919816473999,8761.76,14,7,0.542
cust_01518,Rohan Rao,rohan.rao99@example.com,+919830552371,10474.4,5,4,0.908
cust_01519,Dev Chopra,dev.chopra76@example.com,+919846235719,60264.27,15,9,0.638
cust_01520,Dev Nair,dev.nair89@example.com,+919825802066,60376.14,36,33,0.93
cust_01521,Meera Bhat,meera.bhat43@example.com,+919880215481,2574.2,7,1,0.172
cust_01522,Aditi Nair,aditi.nair73@example.com,+919837876214,1605.4,9,5,0.563
cust_01523,Ananya Kapoor,ananya.kapoor24@example.com,+919887061479,6302.35,4,1,0.451
cust_01524,Ananya Reddy,ananya.reddy22@example.com,+919844345256,14002.56,11,6,0.555
cust_01525,Aditi Verma,aditi.verma32@example.com,+919815294153,32494.08,23,12,0.522
cust_01526,Dev Verma,dev.verma15@example.com,+919811298197,11322.76,7,4,0.626
cust_01527,Amit Joshi,amit.joshi44@example.com,+919822475714,30473.91,12,9,0.829
cust_01528,Amit Mehta,amit.mehta59@example.com,+919874188958,4682.16,7,4,0.621
cust_01529,Aditi Deshmukh,aditi.deshmukh30@example.com,+919823920137,198850.68,41,36,0.886
cust_01530,Kabir Joshi,kabir.joshi58@example.com,+919858130331,132523.84,25,17,0.693
cust_01531,Isha Rao,isha.rao72@example.com,+919825158211,4628.84,4,2,0.55
cust_01532,Tanvi Sharma,tanvi.sharma96@example.com,+919880439867,22271.48,20,11,0.596
cust_01533,Tanvi Nair,tanvi.nair76@example.com,+919892978636,72195.48,20,18,0.902
cust_01534,Yash Gupta,yash.gupta81@example.com,+919892263926,54507.31,15,13,0.898
cust_01535,Priya Deshmukh,priya.deshmukh73@example.com,+919832200132,48414.13,20,17,0.863
cust_01536,Rohan Sharma,rohan.sharma74@example.com,+919839891163,14512.0,20,16,0.837
cust_01537,Amit Bhat,amit.bhat83@example.com,+919870142774,25494.84,25,21,0.865
cust_01538,Priya Reddy,priya.reddy93@example.com,+919812384932,149425.98,40,33,0.845
cust_01539,Ananya Bhat,ananya.bhat87@example.com,+919893089652,24605.75,19,13,0.703
cust_01540,Amit Singh,amit.singh56@example.com,+919817284695,36905.28,12,8,0.687
cust_01541,Rajesh Joshi,rajesh.joshi70@example.com,+919898203489,55320.84,11,9,0.854
cust_01542,Neha Sharma,neha.sharma53@example.com,+919857665946,36137.76,11,8,0.728
cust_01543,Vikram Reddy,vikram.reddy23@example.com,+919816144233,78225.29,24,13,0.567
cust_01544,Zoya Verma,zoya.verma42@example.com,+919891987136,45080.92,30,23,0.778
cust_01545,Meera Reddy,meera.reddy53@example.com,+919824464073,60736.41,22,9,0.416
cust_01546,Kavita Verma,kavita.verma67@example.com,+919871389561,30886.72,6,4,0.725
cust_01547,Aarav Nair,aarav.nair16@example.com,+919884252780,14835.32,8,2,0.335
cust_01548,Kabir Reddy,kabir.reddy84@example.com,+919833306944,32177.52,14,6,0.444
cust_01549,Rajesh Kapoor,rajesh.kapoor51@example.com,+919877660514,80877.61,21,11,0.542
cust_01550,Neha Mehta,neha.mehta60@example.com,+919856017729,0.0,3,0,0.204
cust_01551,Rajesh Reddy,rajesh.reddy75@example.com,+919850119441,40470.01,12,7,0.586
cust_01552,Suresh Chopra,suresh.chopra37@example.com,+919836962876,127226.68,48,43,0.914
cust_01553,Isha Reddy,isha.reddy93@example.com,+919833865616,126933.84,25,22,0.91
cust_01554,Vikram Nair,vikram.nair71@example.com,+919888222933,148275.09,31,27,0.903
cust_01555,Suresh Mehta,suresh.mehta64@example.com,+919811714029,7086.0,14,10,0.756
cust_01556,Aditi Patel,aditi.patel44@example.com,+919831600382,0.0,3,0,0.282
cust_01557,Siddharth Patel,siddharth.patel79@example.com,+919814336089,258403.19,44,37,0.854
cust_01558,Suresh Deshmukh,suresh.deshmukh38@example.com,+919896854901,98077.98,49,39,0.805
cust_01559,Aditi Kapoor,aditi.kapoor58@example.com,+919862016704,119127.36,48,44,0.931
cust_01560,Suresh Sharma,suresh.sharma11@example.com,+919843734435,207416.97,33,31,0.95
cust_01561,Vikram Bhat,vikram.bhat85@example.com,+919883365441,84975.33,25,11,0.467
cust_01562,Siddharth Rao,siddharth.rao32@example.com,+919819995059,35351.58,37,29,0.79
cust_01563,Aditi Kumar,aditi.kumar45@example.com,+919884705402,5495.52,21,16,0.787
cust_01564,Amit Reddy,amit.reddy29@example.com,+919815360735,37543.14,8,6,0.824
cust_01565,Rajesh Deshmukh,rajesh.deshmukh94@example.com,+919850420315,19807.14,27,23,0.882
cust_01566,Tanvi Nair,tanvi.nair38@example.com,+919834678492,45534.71,15,13,0.931
cust_01567,Suresh Kumar,suresh.kumar21@example.com,+919856896070,56984.2,26,20,0.799
cust_01568,Siddharth Patel,siddharth.patel89@example.com,+919881202356,14711.6,46,40,0.879
cust_01569,Vikram Rao,vikram.rao40@example.com,+919896203262,5555.65,3,1,0.611
cust_01570,Tanvi Kumar,tanvi.kumar24@example.com,+919861791391,36586.45,6,5,0.917
cust_01571,Vikram Nair,vikram.nair75@example.com,+919869801634,65946.95,46,37,0.818
cust_01572,Rahul Verma,rahul.verma22@example.com,+919832467350,712.9,9,2,0.313
cust_01573,Ananya Patel,ananya.patel95@example.com,+919894492003,67346.2,15,10,0.694
cust_01574,Meera Nair,meera.nair99@example.com,+919868416623,100485.72,25,18,0.72
cust_01575,Aarav Rao,aarav.rao52@example.com,+919815085015,73556.0,21,16,0.762
cust_01576,Kavita Deshmukh,kavita.deshmukh39@example.com,+919844715141,90857.25,30,25,0.854
cust_01577,Aarav Kumar,aarav.kumar96@example.com,+919825878730,30690.27,44,39,0.898
cust_01578,Kavita Sharma,kavita.sharma99@example.com,+919819742790,120822.33,23,19,0.866
cust_01579,Siddharth Joshi,siddharth.joshi21@example.com,+919847784631,46412.38,14,7,0.549
cust_01580,Aarav Rao,aarav.rao30@example.com,+919881600831,89996.55,39,35,0.922
cust_01581,Isha Mehta,isha.mehta96@example.com,+919896965116,267356.98,40,38,0.968
cust_01582,Isha Verma,isha.verma15@example.com,+919810675093,250527.42,40,33,0.841
cust_01583,Siddharth Patel,siddharth.patel54@example.com,+919838418851,46097.7,37,33,0.899
cust_01584,Kabir Patel,kabir.patel88@example.com,+919843922427,219594.56,41,32,0.792
cust_01585,Suresh Rao,suresh.rao92@example.com,+919883774735,19010.88,21,18,0.904
cust_01586,Kavita Rao,kavita.rao52@example.com,+919857934299,22460.04,11,9,0.901
cust_01587,Ananya Kapoor,ananya.kapoor34@example.com,+919852652506,100840.6,47,38,0.826
cust_01588,Kavita Gupta,kavita.gupta82@example.com,+919886082915,41561.52,32,26,0.823
cust_01589,Tanvi Patel,tanvi.patel38@example.com,+919896011893,66393.24,13,12,0.943
cust_01590,Tanvi Kapoor,tanvi.kapoor71@example.com,+919872122457,150079.71,36,33,0.928
cust_01591,Kabir Chopra,kabir.chopra87@example.com,+919821002322,28651.96,6,4,0.692
cust_01592,Meera Mehta,meera.mehta90@example.com,+919820262606,61962.24,18,12,0.703
cust_01593,Kavita Joshi,kavita.joshi61@example.com,+919889193333,67270.65,21,15,0.758
cust_01594,Suresh Rao,suresh.rao93@example.com,+919829949181,196213.05,42,33,0.801
cust_01595,Siddharth Gupta,siddharth.gupta69@example.com,+919877259613,11828.36,37,31,0.841
cust_01596,Neha Deshmukh,neha.deshmukh88@example.com,+919832259144,5038.26,7,3,0.448
cust_01597,Kavita Chopra,kavita.chopra28@example.com,+919874894729,0.0,8,0,0.064
cust_01598,Rohan Singh,rohan.singh39@example.com,+919815745651,23018.24,13,7,0.576
cust_01599,Amit Kapoor,amit.kapoor15@example.com,+919815355917,5178.47,9,1,0.16
cust_01600,Rohan Deshmukh,rohan.deshmukh43@example.com,+919887662596,115725.24,46,36,0.79
cust_01601,Kavita Chopra,kavita.chopra19@example.com,+919879345320,76969.08,19,18,0.974
cust_01602,Vikram Deshmukh,vikram.deshmukh54@example.com,+919875345452,4164.14,2,1,0.702
cust_01603,Isha Rao,isha.rao31@example.com,+919840868838,23309.6,18,16,0.898
cust_01604,Kabir Singh,kabir.singh87@example.com,+919825882013,35075.82,12,6,0.541
cust_01605,Priya Chopra,priya.chopra71@example.com,+919874293132,11347.92,31,24,0.787
cust_01606,Aditi Gupta,aditi.gupta83@example.com,+919889503557,42954.84,7,6,0.895
cust_01607,Isha Sharma,isha.sharma31@example.com,+919844663022,4915.05,7,1,0.226
cust_01608,Kavita Chopra,kavita.chopra12@example.com,+919898817918,18794.35,8,5,0.722
cust_01609,Priya Deshmukh,priya.deshmukh71@example.com,+919832893086,70603.94,14,11,0.844
cust_01610,Kabir Joshi,kabir.joshi94@example.com,+919878559074,170248.53,26,23,0.917
cust_01611,Rajesh Joshi,rajesh.joshi18@example.com,+919840845084,7432.32,6,4,0.78
cust_01612,Rahul Chopra,rahul.chopra63@example.com,+919830073763,44267.13,21,9,0.46
cust_01613,Suresh Nair,suresh.nair25@example.com,+919822507745,146932.5,43,33,0.78
cust_01614,Aarav Kapoor,aarav.kapoor96@example.com,+919897138408,28359.25,7,5,0.847
cust_01615,Zoya Patel,zoya.patel71@example.com,+919861168696,213125.85,49,45,0.935
cust_01616,Zoya Gupta,zoya.gupta42@example.com,+919874040812,4962.3,4,2,0.709
cust_01617,Suresh Kumar,suresh.kumar42@example.com,+919835369971,19002.0,5,4,0.921
cust_01618,Dev Nair,dev.nair10@example.com,+919860335658,24136.77,12,7,0.634
cust_01619,Dev Gupta,dev.gupta64@example.com,+919897453041,110404.02,39,31,0.81
cust_01620,Vikram Joshi,vikram.joshi45@example.com,+919863345392,40150.0,19,10,0.54
cust_01621,Vikram Nair,vikram.nair81@example.com,+919874929189,137748.6,27,22,0.821
cust_01622,Yash Reddy,yash.reddy27@example.com,+919898487446,296758.41,49,39,0.803
cust_01623,Dev Patel,dev.patel75@example.com,+919863762374,79342.76,21,14,0.672
cust_01624,Aditi Gupta,aditi.gupta59@example.com,+919895345915,39318.5,14,10,0.771
cust_01625,Rajesh Kumar,rajesh.kumar21@example.com,+919818600733,20675.2,43,35,0.835
cust_01626,Yash Kapoor,yash.kapoor61@example.com,+919892405066,7424.7,21,10,0.497
cust_01627,Kabir Chopra,kabir.chopra73@example.com,+919868917831,87578.75,38,35,0.946
cust_01628,Aditi Bhat,aditi.bhat86@example.com,+919878524572,65879.88,15,12,0.803
cust_01629,Vikram Patel,vikram.patel93@example.com,+919810038556,0.0,5,0,0.08
cust_01630,Vikram Chopra,vikram.chopra60@example.com,+919864418707,35619.05,50,43,0.869
cust_01631,Ananya Nair,ananya.nair46@example.com,+919885042992,0.0,5,0,0.168
cust_01632,Meera Rao,meera.rao61@example.com,+919887162674,32473.62,37,29,0.79
cust_01633,Ananya Nair,ananya.nair47@example.com,+919855629449,7046.07,5,1,0.323
cust_01634,Kavita Mehta,kavita.mehta98@example.com,+919869427400,0.0,4,0,0.241
cust_01635,Amit Chopra,amit.chopra68@example.com,+919888762521,4100.85,10,5,0.564
cust_01636,Neha Chopra,neha.chopra99@example.com,+919840860700,29939.56,13,7,0.54
cust_01637,Aarav Reddy,aarav.reddy43@example.com,+919843320572,18593.82,26,21,0.842
cust_01638,Kabir Rao,kabir.rao50@example.com,+919857451057,106299.34,16,14,0.882
cust_01639,Meera Rao,meera.rao35@example.com,+919841522559,10324.5,8,5,0.697
cust_01640,Neha Deshmukh,neha.deshmukh89@example.com,+919857785185,38526.25,10,7,0.775
cust_01641,Priya Joshi,priya.joshi10@example.com,+919882675403,10158.28,6,2,0.338
cust_01642,Priya Kapoor,priya.kapoor83@example.com,+919846874043,88489.8,37,36,0.976
cust_01643,Neha Bhat,neha.bhat83@example.com,+919827212880,241130.88,35,32,0.934
cust_01644,Aditi Nair,aditi.nair54@example.com,+919862843790,78191.1,16,10,0.664
cust_01645,Rahul Rao,rahul.rao50@example.com,+919811129926,35500.08,42,33,0.798
cust_01646,Vikram Joshi,vikram.joshi43@example.com,+919835119175,215058.48,35,28,0.805
cust_01647,Tanvi Singh,tanvi.singh33@example.com,+919876943778,71555.3,28,23,0.846
cust_01648,Yash Mehta,yash.mehta67@example.com,+919834144323,94758.16,48,46,0.975
cust_01649,Dev Reddy,dev.reddy44@example.com,+919841649234,22768.0,17,16,0.947
cust_01650,Isha Rao,isha.rao11@example.com,+919833703827,149833.25,45,35,0.781
cust_01651,Tanvi Bhat,tanvi.bhat72@example.com,+919850269906,23573.83,8,7,0.947
cust_01652,Kabir Sharma,kabir.sharma37@example.com,+919844130183,174967.73,33,29,0.895
cust_01653,Rohan Singh,rohan.singh56@example.com,+919885208908,11318.25,27,25,0.936
cust_01654,Dev Singh,dev.singh96@example.com,+919891279039,177838.8,46,40,0.882
cust_01655,Siddharth Singh,siddharth.singh51@example.com,+919878510704,29108.25,10,9,0.919
cust_01656,Siddharth Rao,siddharth.rao90@example.com,+919829441214,24835.93,12,7,0.618
cust_01657,Rajesh Joshi,rajesh.joshi61@example.com,+919819575640,54799.2,25,20,0.829
cust_01658,Siddharth Reddy,siddharth.reddy44@example.com,+919891253395,44194.5,16,7,0.492
cust_01659,Vikram Reddy,vikram.reddy85@example.com,+919879918804,0.0,3,0,0.191
cust_01660,Isha Reddy,isha.reddy40@example.com,+919898855162,17292.6,10,9,0.921
cust_01661,Yash Verma,yash.verma22@example.com,+919818562070,0.0,1,0,0.211
cust_01662,Yash Nair,yash.nair20@example.com,+919823949034,269036.64,46,36,0.786
cust_01663,Yash Mehta,yash.mehta39@example.com,+919843204998,3932.49,6,3,0.551
cust_01664,Kabir Sharma,kabir.sharma14@example.com,+919899060057,128613.87,35,33,0.961
cust_01665,Suresh Kapoor,suresh.kapoor44@example.com,+919883624500,209267.97,49,47,0.973
cust_01666,Kavita Joshi,kavita.joshi68@example.com,+919894697764,43306.4,15,10,0.698
cust_01667,Suresh Mehta,suresh.mehta54@example.com,+919874646194,80117.7,33,30,0.935
cust_01668,Zoya Mehta,zoya.mehta29@example.com,+919850744867,32427.01,13,11,0.87
cust_01669,Priya Nair,priya.nair11@example.com,+919876025948,0.0,1,0,0.212
cust_01670,Siddharth Joshi,siddharth.joshi39@example.com,+919810968781,113637.32,40,31,0.793
cust_01671,Neha Gupta,neha.gupta92@example.com,+919862307771,3551.24,4,1,0.475
cust_01672,Neha Nair,neha.nair88@example.com,+919846489118,69587.2,22,20,0.921
cust_01673,Ananya Gupta,ananya.gupta27@example.com,+919848868823,67072.04,33,28,0.855
cust_01674,Rajesh Rao,rajesh.rao34@example.com,+919853036072,13641.89,39,29,0.761
cust_01675,Dev Mehta,dev.mehta44@example.com,+919826782477,4972.6,9,5,0.647
cust_01676,Aarav Rao,aarav.rao37@example.com,+919855890766,263482.56,36,33,0.931
cust_01677,Amit Reddy,amit.reddy14@example.com,+919854325223,8778.0,14,12,0.923
cust_01678,Yash Verma,yash.verma79@example.com,+919873102032,131856.6,21,20,0.956
cust_01679,Aarav Verma,aarav.verma41@example.com,+919861646699,103452.96,25,13,0.551
cust_01680,Meera Rao,meera.rao22@example.com,+919879946108,33282.66,14,6,0.471
cust_01681,Siddharth Kapoor,siddharth.kapoor51@example.com,+919831288466,30177.91,19,7,0.414
cust_01682,Rohan Rao,rohan.rao91@example.com,+919850106013,86986.68,47,44,0.954
cust_01683,Dev Patel,dev.patel91@example.com,+919868272190,81636.89,22,17,0.788
cust_01684,Yash Bhat,yash.bhat41@example.com,+919811198544,5600.73,8,1,0.248
cust_01685,Isha Singh,isha.singh21@example.com,+919843382936,95893.05,44,33,0.771
cust_01686,Aditi Sharma,aditi.sharma55@example.com,+919896513378,11419.83,11,9,0.873
cust_01687,Neha Singh,neha.singh81@example.com,+919896522918,59455.5,16,10,0.674
cust_01688,Aarav Reddy,aarav.reddy58@example.com,+919858072427,4036.83,3,1,0.485
cust_01689,Amit Nair,amit.nair47@example.com,+919882844534,13457.64,7,3,0.465
cust_01690,Tanvi Reddy,tanvi.reddy69@example.com,+919846953423,16881.04,19,11,0.604
cust_01691,Rahul Gupta,rahul.gupta67@example.com,+919849684512,2749.86,16,9,0.584
cust_01692,Rahul Kumar,rahul.kumar33@example.com,+919812512536,23525.26,21,11,0.524
cust_01693,Ananya Chopra,ananya.chopra78@example.com,+919862008140,53525.16,40,36,0.907
cust_01694,Siddharth Singh,siddharth.singh62@example.com,+919896020669,29283.48,47,36,0.772
cust_01695,Isha Gupta,isha.gupta14@example.com,+919837122588,23483.95,7,5,0.794
cust_01696,Yash Chopra,yash.chopra72@example.com,+919880574548,3120.93,3,1,0.601
cust_01697,Rajesh Reddy,rajesh.reddy19@example.com,+919811756387,0.0,8,0,0.121
cust_01698,Ananya Rao,ananya.rao91@example.com,+919818147041,185628.8,31,28,0.921
cust_01699,Aditi Deshmukh,aditi.deshmukh88@example.com,+919845677170,19802.2,24,22,0.919
cust_01700,Meera Nair,meera.nair22@example.com,+919823586205,7148.08,8,4,0.581
cust_01701,Neha Joshi,neha.joshi90@example.com,+919834011268,55803.42,11,9,0.878
cust_01702,Kavita Singh,kavita.singh96@example.com,+919871568435,3168.86,5,2,0.545
cust_01703,Kabir Nair,kabir.nair61@example.com,+919877738718,122469.27,43,33,0.786
cust_01704,Vikram Kapoor,vikram.kapoor50@example.com,+919883830667,0.0,6,0,0.16
cust_01705,Zoya Deshmukh,zoya.deshmukh51@example.com,+919891659860,154898.75,29,25,0.875
cust_01706,Rohan Singh,rohan.singh67@example.com,+919870062404,0.0,1,0,0.05
cust_01707,Rajesh Sharma,rajesh.sharma76@example.com,+919828130896,0.0,5,0,0.153
cust_01708,Meera Deshmukh,meera.deshmukh50@example.com,+919812912708,51640.12,10,7,0.721
cust_01709,Rahul Nair,rahul.nair83@example.com,+919886720441,30040.4,27,20,0.759
cust_01710,Rohan Singh,rohan.singh84@example.com,+919843535226,42234.75,10,9,0.937
cust_01711,Kavita Kapoor,kavita.kapoor37@example.com,+919820361818,16238.92,7,4,0.67
cust_01712,Kavita Deshmukh,kavita.deshmukh22@example.com,+919889890579,25903.28,20,8,0.413
cust_01713,Aditi Kapoor,aditi.kapoor52@example.com,+919856698401,13994.72,5,2,0.548
cust_01714,Neha Reddy,neha.reddy93@example.com,+919890839556,716.79,7,1,0.266
cust_01715,Rahul Sharma,rahul.sharma50@example.com,+919882468141,80005.6,49,40,0.825
cust_01716,Aditi Chopra,aditi.chopra60@example.com,+919869809598,4020.12,4,2,0.596
cust_01717,Siddharth Bhat,siddharth.bhat60@example.com,+919829865888,187206.83,41,31,0.769
cust_01718,Suresh Kumar,suresh.kumar43@example.com,+919821419108,53459.49,49,41,0.85
cust_01719,Isha Rao,isha.rao81@example.com,+919836589676,69314.85,17,15,0.9
cust_01720,Rahul Patel,rahul.patel41@example.com,+919819615892,296634.4,48,40,0.849
cust_01721,Ananya Verma,ananya.verma95@example.com,+919865510043,59056.8,25,20,0.83
cust_01722,Aarav Bhat,aarav.bhat49@example.com,+919832717056,10197.0,8,2,0.26
cust_01723,Amit Sharma,amit.sharma39@example.com,+919836801295,75529.08,25,11,0.453
cust_01724,Dev Reddy,dev.reddy16@example.com,+919842621391,405.75,5,1,0.365
cust_01725,Dev Mehta,dev.mehta67@example.com,+919873242092,59874.64,39,31,0.798
cust_01726,Suresh Nair,suresh.nair43@example.com,+919883658696,67824.6,14,12,0.918
cust_01727,Aarav Kumar,aarav.kumar84@example.com,+919899057266,14921.4,8,6,0.809
cust_01728,Rajesh Mehta,rajesh.mehta16@example.com,+919872405984,26924.35,14,5,0.403
cust_01729,Vikram Deshmukh,vikram.deshmukh23@example.com,+919812560649,56160.0,29,27,0.953
cust_01730,Yash Nair,yash.nair22@example.com,+919852339783,13883.28,10,8,0.887
cust_01731,Rahul Rao,rahul.rao81@example.com,+919812884132,65975.27,24,23,0.962
cust_01732,Yash Reddy,yash.reddy30@example.com,+919812465878,97232.67,45,37,0.831
cust_01733,Rahul Mehta,rahul.mehta17@example.com,+919893992429,37849.25,6,5,0.839
cust_01734,Rohan Patel,rohan.patel29@example.com,+919855873760,11840.3,4,2,0.623
cust_01735,Rahul Chopra,rahul.chopra88@example.com,+919893956490,14761.7,20,10,0.542
cust_01736,Siddharth Kapoor,siddharth.kapoor87@example.com,+919854195849,47846.4,46,35,0.78
cust_01737,Suresh Chopra,suresh.chopra35@example.com,+919828536762,248323.42,38,34,0.912
cust_01738,Zoya Kapoor,zoya.kapoor28@example.com,+919898077934,1644.34,6,2,0.362
cust_01739,Suresh Reddy,suresh.reddy25@example.com,+919834714210,30969.25,6,5,0.952
cust_01740,Zoya Kumar,zoya.kumar48@example.com,+919869459055,104804.42,22,14,0.679
cust_01741,Rohan Gupta,rohan.gupta34@example.com,+919824330619,166666.17,44,33,0.756
cust_01742,Rajesh Joshi,rajesh.joshi88@example.com,+919840992396,12265.24,6,4,0.803
cust_01743,Priya Gupta,priya.gupta74@example.com,+919891163038,96059.6,16,14,0.899
cust_01744,Priya Rao,priya.rao27@example.com,+919831983035,22277.55,5,3,0.757
cust_01745,Zoya Patel,zoya.patel95@example.com,+919837223861,41861.34,16,6,0.422
cust_01746,Priya Reddy,priya.reddy51@example.com,+919871410640,4981.06,3,1,0.545
cust_01747,Yash Reddy,yash.reddy50@example.com,+919862902012,57569.59,21,13,0.652
cust_01748,Aditi Nair,aditi.nair23@example.com,+919870614013,81586.19,20,19,0.952
cust_01749,Yash Reddy,yash.reddy15@example.com,+919884853354,12332.95,8,7,0.926
cust_01750,Amit Kumar,amit.kumar48@example.com,+919848374806,272932.35,44,37,0.847
cust_01751,Rahul Kapoor,rahul.kapoor28@example.com,+919872220513,54015.78,25,13,0.554
cust_01752,Kabir Bhat,kabir.bhat84@example.com,+919883337520,13279.14,33,27,0.845
cust_01753,Amit Joshi,amit.joshi35@example.com,+919871026547,269550.55,46,37,0.825
cust_01754,Kabir Reddy,kabir.reddy25@example.com,+919822239481,22007.78,28,23,0.853
cust_01755,Yash Reddy,yash.reddy75@example.com,+919892150984,638.08,7,1,0.179
cust_01756,Kabir Kapoor,kabir.kapoor52@example.com,+919885898994,27959.6,7,4,0.693
cust_01757,Kabir Bhat,kabir.bhat16@example.com,+919866315301,75708.3,33,30,0.918
cust_01758,Kabir Verma,kabir.verma26@example.com,+919837226295,15326.2,5,4,0.926
cust_01759,Priya Nair,priya.nair10@example.com,+919891602221,48401.28,20,9,0.481
cust_01760,Amit Kumar,amit.kumar66@example.com,+919820657547,17090.29,19,7,0.402
cust_01761,Suresh Deshmukh,suresh.deshmukh36@example.com,+919816565770,11655.0,27,20,0.763
cust_01762,Aditi Chopra,aditi.chopra83@example.com,+919890971604,7969.01,8,7,0.962
cust_01763,Kabir Gupta,kabir.gupta96@example.com,+919848168910,61185.54,21,13,0.635
cust_01764,Suresh Gupta,suresh.gupta68@example.com,+919887707540,50143.14,24,18,0.758
cust_01765,Yash Deshmukh,yash.deshmukh18@example.com,+919867354434,9352.0,17,7,0.422
cust_01766,Rohan Singh,rohan.singh77@example.com,+919865533646,29920.8,44,40,0.91
cust_01767,Kavita Reddy,kavita.reddy90@example.com,+919880994013,14981.94,10,2,0.214
cust_01768,Siddharth Kumar,siddharth.kumar87@example.com,+919852478375,114937.46,44,38,0.882
cust_01769,Isha Joshi,isha.joshi82@example.com,+919876625267,208686.4,36,32,0.895
cust_01770,Rajesh Patel,rajesh.patel47@example.com,+919835978571,218784.56,45,34,0.756
cust_01771,Meera Bhat,meera.bhat88@example.com,+919865650977,214715.82,40,33,0.827
cust_01772,Meera Sharma,meera.sharma91@example.com,+919837002880,2669.85,4,1,0.487
cust_01773,Rahul Nair,rahul.nair51@example.com,+919810822924,141068.4,30,24,0.827
cust_01774,Rajesh Sharma,rajesh.sharma32@example.com,+919836040330,155576.07,48,39,0.828
cust_01775,Priya Bhat,priya.bhat14@example.com,+919896657974,186390.1,34,26,0.786
cust_01776,Suresh Kapoor,suresh.kapoor52@example.com,+919872071682,9507.81,25,13,0.541
cust_01777,Rahul Mehta,rahul.mehta82@example.com,+919852346074,167349.0,41,30,0.754
cust_01778,Vikram Verma,vikram.verma29@example.com,+919847642707,35868.91,14,7,0.515
cust_01779,Kabir Joshi,kabir.joshi87@example.com,+919862286700,103149.9,24,18,0.777
cust_01780,Tanvi Reddy,tanvi.reddy14@example.com,+919846439766,53740.23,20,17,0.864
cust_01781,Siddharth Patel,siddharth.patel77@example.com,+919850576475,31444.95,7,5,0.836
cust_01782,Ananya Rao,ananya.rao74@example.com,+919813346688,7058.52,6,4,0.708
cust_01783,Priya Reddy,priya.reddy77@example.com,+919851655640,13260.94,5,2,0.449
cust_01784,Rahul Chopra,rahul.chopra26@example.com,+919837539747,90467.52,24,13,0.556
cust_01785,Dev Sharma,dev.sharma49@example.com,+919815909601,5732.66,4,2,0.602
cust_01786,Aditi Verma,aditi.verma76@example.com,+919898447373,20876.6,11,4,0.408
cust_01787,Meera Singh,meera.singh35@example.com,+919835843038,153094.48,33,28,0.872
cust_01788,Rohan Gupta,rohan.gupta30@example.com,+919846726921,161814.26,40,38,0.97
cust_01789,Meera Nair,meera.nair54@example.com,+919883734610,253141.98,50,39,0.783
cust_01790,Kavita Patel,kavita.patel31@example.com,+919819562056,137495.33,39,37,0.955
cust_01791,Isha Sharma,isha.sharma70@example.com,+919816772091,79626.24,32,24,0.762
cust_01792,Rajesh Kapoor,rajesh.kapoor85@example.com,+919894486125,39498.03,21,13,0.638
cust_01793,Tanvi Deshmukh,tanvi.deshmukh35@example.com,+919881603135,149503.36,34,32,0.962
cust_01794,Ananya Deshmukh,ananya.deshmukh99@example.com,+919872850928,213440.42,46,37,0.821
cust_01795,Amit Rao,amit.rao39@example.com,+919840037183,146580.6,21,20,0.956
cust_01796,Yash Gupta,yash.gupta99@example.com,+919899279031,87176.44,25,23,0.948
cust_01797,Aarav Verma,aarav.verma70@example.com,+919825151444,29680.56,15,12,0.856
cust_01798,Vikram Joshi,vikram.joshi83@example.com,+919827098533,270271.26,50,42,0.843
cust_01799,Tanvi Nair,tanvi.nair93@example.com,+919819519256,38777.04,14,8,0.581
cust_01800,Neha Joshi,neha.joshi41@example.com,+919883544472,20464.5,9,7,0.861
